Workbook

Sheet 📊 Résumé Exécutif
B2: 🛡️ DASHBOARD FRAUDE TÉLÉCOM — ENCG SETTAT
B3: Université Hassan 1er | Analyse des CDR (Call Detail Records) | Dataset : 24 543 enregistrements
B6: INDICATEURS CLÉS DE PERFORMANCE
B8: 📊 TOTAL APPELS | D8: 🚨 APPELS FRAUDULEUX | F8: ✅ APPELS LÉGITIMES | H8: ⚠️ TAUX DE FRAUDE
B9: =Données!B2 -> 24543 | D9: =Données!B3 -> 12320 | F9: =Données!B4 -> 12223 | H9: =Données!B5 -> 0.50197612
B14: ⏱️ DURÉE MOY. (sec) | D14: 🌐 FRAUDES INTL | F14: 📍 FRAUDES LOCALES | H14: 🏆 TAUX FRAUDE INTL
B15: =Données!B6 -> 163.1 | D15: =Données!B7 -> 5807 | F15: =Données!B8 -> 6513 | H15: =Données!B9 -> 0.50017227
B18: ⚠️ ALERTE : Taux de fraude supérieur à 50% — Niveau d'alerte CRITIQUE — Surveillance renforcée requise
B20: RÉPARTITION DES TYPES DE FRAUDE
B22: Type de Fraude | C22: Icône | D22: Nombre de Cas | E22: % des Fraudes | F22: % Total Dataset | G22: Sévérité
B23: SIM Box Fraud | C23: 📦 | D23: 3096 | E23: =D23/SUM(D23:D26) -> 0.2512987 | F23: =D23/Données!B2 -> 0.12614595 | G23: 🔴 CRITIQUE
B24: Subscription Fraud | C24: 📋 | D24: 3089 | E24: =D24/SUM(D23:D26) -> 0.25073052 | F24: =D24/Données!B2 -> 0.12586073 | G24: 🔴 CRITIQUE
B25: Random Fraud | C25: 🎲 | D25: 3083 | E25: =D25/SUM(D23:D26) -> 0.25024351 | F25: =D25/Données!B2 -> 0.12561627 | G25: 🟠 ÉLEVÉE
B26: Call Masking | C26: 🎭 | D26: 3052 | E26: =D26/SUM(D23:D26) -> 0.24772727 | F26: =D26/Données!B2 -> 0.12435318 | G26: 🟠 ÉLEVÉE
B27: TOTAL FRAUDES | D27: =SUM(D23:D26) -> 12320 | E27: =SUM(E23:E26) -> 1 | F27: =SUM(F23:F26) -> 0.50197612
B29: ANALYSE PAR TYPE D'APPEL
B31: Type d'Appel | D31: Frauduleux | F31: Légitimes | H31: Total | I31: Taux de Fraude
B32: 🌐 International | D32: 5807 | F32: 3703 | H32: =D32+F32 -> 9510 | I32: =D32/H32 -> 0.6106204
B33: 📍 Local | D33: 6513 | F33: 8520 | H33: =D33+F33 -> 15033 | I33: =D33/H33 -> 0.43324686
B34: TOTAL | D34: =SUM(D32:D33) -> 12320 | F34: =SUM(F32:F33) -> 12223 | H34: =SUM(H32:H33) -> 24543 | I34: =D34/H34 -> 0.50197612
B36: ENCG Settat — Université Hassan 1er | Dashboard Fraude Télécom | Source : realtime_cdr_fraud_dataset.xlsx | Mai 2025

Sheet 📋 Données CDR
A1: CALLER ID | B1: RECEIVER ID | C1: CALL TYPE | D1: LOCATION ORIGIN | E1: COUNTRY ORIGIN | F1: COUNTRY DEST | G1: DURATION SEC | H1: TRANSACTION STATUS | I1: FRAUD TYPE
A2: 3746317213 | B2: 9697354961 | C2: local | D2: Kampala | E2: UG | F2: ET | G2: 573 | H2: Fraudulent | I2: sim_box_fraud
A3: 2051802512 | B3: 3342331444 | C3: international | D3: Cairo | E3: EG | F3: NG | G3: 1219 | H3: Fraudulent | I3: subscription_fraud
A4: 2812140441 | B4: 1127978094 | C4: local | D4: Nairobi | E4: KE | F4: GH | G4: 457 | H4: Genuine | I4: none
A5: 3585650756 | B5: 3410529190 | C5: international | D5: Addis Ababa | E5: ET | F5: ZA | G5: 1476 | H5: Fraudulent | I5: call_masking
A6: 7635473142 | B6: 6241752544 | C6: local | D6: Lagos | E6: NG | F6: UG | G6: 1216 | H6: Genuine | I6: none
A7: 4733616459 | B7: 7110082321 | C7: international | D7: Accra | E7: GH | F7: EG | G7: 579 | H7: Fraudulent | I7: subscription_fraud
A8: 1667779376 | B8: 2445662585 | C8: local | D8: Johannesburg | E8: ZA | F8: KE | G8: 199 | H8: Fraudulent | I8: random_fraud
A9: 2631775357 | B9: 9776552803 | C9: international | D9: Kampala | E9: UG | F9: ET | G9: 950 | H9: Genuine | I9: none
A10: 3303082117 | B10: 2625792787 | C10: local | D10: Cairo | E10: EG | F10: NG | G10: 1140 | H10: Fraudulent | I10: sim_box_fraud
A11: 1298737106 | B11: 3840104345 | C11: international | D11: Nairobi | E11: KE | F11: GH | G11: 1593 | H11: Genuine | I11: none
A12: 5728765136 | B12: 6488854841 | C12: local | D12: Addis Ababa | E12: ET | F12: ZA | G12: 1311 | H12: Fraudulent | I12: random_fraud
A13: 8877444318 | B13: 5993561321 | C13: international | D13: Lagos | E13: NG | F13: UG | G13: 737 | H13: Fraudulent | I13: call_masking
... A501: 9337145038 | B501: 2854772804 | C501: international | D501: Nairobi | E501: KE | F501: GH | G501: 1402 | H501: Genuine | I501: none

Sheet Données
A2: Total appels | B2: 24543
A3: Appels frauduleux | B3: 12320
A4: Appels légitimes | B4: 12223
A5: Taux de fraude | B5: =B3/B2 -> 0.50197612
A6: Durée moy. (sec) | B6: 163.1
A7: Fraudes internationales | B7: 5807
A8: Fraudes locales | B8: 6513
A9: Taux fraude intl | B9: =B7/(B7+5803) -> 0.50017227
D12: sim_box_fraud | E12: 3096
D13: subscription_fraud | E13: 3089
D14: random_fraud | E14: 3083
D15: call_masking | E15: 3052

Sheet 🌍 Analyse Pays
B2: 🌍 ANALYSE DE LA FRAUDE PAR PAYS D'ORIGINE
B5: Pays (Code) | C5: Total Appels | D5: Frauduleux | E5: Légitimes | F5: Taux Fraude | G5: Rang
B6: 🇿🇦 ZA — Afrique du Sud | C6: 3452 | D6: 1770 | E6: 1682 | F6: =D6/C6 -> 0.51274623 | G6: 1
B7: 🇰🇪 KE — Kenya | C7: 3549 | D7: 1800 | E7: 1749 | F7: =D7/C7 -> 0.50718512 | G7: 2
B8: 🇺🇬 UG — Ouganda | C8: 3596 | D8: 1814 | E8: 1782 | F8: =D8/C8 -> 0.50444939 | G8: 3
B9: 🇪🇬 EG — Égypte | C9: 3557 | D9: 1786 | E9: 1771 | F9: =D9/C9 -> 0.50210852 | G9: 4
B10: 🇳🇬 NG — Nigeria | C10: 3455 | D10: 1732 | E10: 1723 | F10: =D10/C10 -> 0.50130246 | G10: 5
B11: 🇪🇹 ET — Éthiopie | C11: 3480 | D11: 1718 | E11: 1762 | F11: =D11/C11 -> 0.49367816 | G11: 6
B12: 🇬🇭 GH — Ghana | C12: 3454 | D12: 1700 | E12: 1754 | F12: =D12/C12 -> 0.49218298 | G12: 7
B13: TOTAL GLOBAL | C13: =SUM(C6:C12) -> 24543 | D13: =SUM(D6:D12) -> 12320 | E13: =SUM(E6:E12) -> 12223 | F13: =SUM(D13)/SUM(C13) -> 0.50197612
B15: DISTRIBUTION DES APPELS PAR DURÉE
B17: Tranche Durée | C17: Frauduleux | D17: Légitimes | E17: Total | F17: % Fraude
B18: <30 secondes | C18: 3022 | D18: 1897 | E18: =C18+D18 -> 4919 | F18: =C18/E18 -> 0.61435251
B19: 30 – 60 sec | C19: 2688 | D19: 1548 | E19: =C19+D19 -> 4236 | F19: =C19/E19 -> 0.63456091
B20: 1 – 2 min | C20: 1886 | D20: 2402 | E20: =C20+D20 -> 4288 | F20: =C20/E20 -> 0.43983209
B21: 2 – 5 min | C21: 2991 | D21: 4021 | E21: =C21+D21 -> 7012 | F21: =C21/E21 -> 0.42655448
B22: 5 – 10 min | C22: 1402 | D22: 1883 | E22: =C22+D22 -> 3285 | F22: =C22/E22 -> 0.42678843
B23: >10 min | C23: 331 | D23: 472 | E23: =C23+D23 -> 803 | F23: =C23/E23 -> 0.41220423
B24: TOTAL | C24: =SUM(C18:C23) -> 12320 | D24: =SUM(D18:D23) -> 12223 | E24: =SUM(E18:E23) -> 24543 | F24: =SUM(C24)/SUM(E24) -> 0.50197612

Sheet 📈 Graphiques
B2: 📈 GRAPHIQUES — ANALYSE FRAUDE TÉLÉCOM
B5: Type de Fraude | C5: Nombre | E5: Type d'Appel | F5: Frauduleux | G5: Légitimes
B6: SIM Box Fraud | C6: 3096 | E6: International | F6: 5807 | G6: 3703
B7: Subscription Fraud | C7: 3089 | E7: Local | F7: 6513 | G7: 8520
B8: Random Fraud | C8: 3083
B9: Call Masking | C9: 3052
